Gerneration,Depth average
1,4.91617
2,4.89222
3,4.91018
4,4.89621
5,4.83433
6,4.89222
7,5.77246
8,5.75649
9,5.73054
10,5.72854
11,5.80439
12,5.70459
13,5.72056
14,5.74052
15,5.76248
16,5.74052
17,5.7485
18,5.88822
19,5.8024
20,5.79042
21,5.76846
22,5.72056
23,5.81437
24,5.76846
25,5.76048
26,5.8024
27,5.83034
28,5.70659
29,5.75848
30,5.82435
31,5.70259
32,5.8004
33,5.71657
34,5.84431
35,5.69661
36,5.76846
37,5.77844
38,5.7505
39,5.83034
40,5.78244
41,5.76647
42,5.75449
43,5.81836
44,5.77844
45,5.73253
46,5.76248
47,5.7505
48,5.76447
49,5.73653
50,5.77645
51,5.7485
52,5.72455
53,5.78244
54,5.78044
55,5.79441
56,5.76846
57,5.79641
58,5.8024
59,5.74052
60,5.77046
61,5.74052
62,5.6986
63,5.79441
64,5.79042
65,5.77445
66,5.82036
67,5.78842
68,5.74651
69,5.72056
70,5.74251
71,5.76248
72,5.74052
73,5.67864
74,5.73852
75,5.73852
76,5.78643
77,5.79441
78,5.76048
79,5.68862
80,5.74251
81,5.77445
82,5.76447
83,5.7525
84,5.77844
85,5.75449
86,5.76048
87,5.74052
88,5.8004
89,5.79042
90,5.75848
91,5.77246
92,5.75848
93,5.77445
94,5.68663
95,5.75649
96,5.78842
97,5.81637
98,5.73852
99,5.76447
