Gerneration,Depth average
1,4.12871
2,3.39604
3,2.91089
4,2.67327
5,2.64356
6,2.42574
7,2.36634
8,2.34653
9,2.32673
10,2.35644
11,2.33663
12,2.38614
13,2.40594
14,2.34653
15,2.36634
16,2.42574
17,2.36634
18,2.37624
19,2.45545
20,2.36634
21,2.40594
22,2.46535
23,2.39604
24,2.37624
25,2.40594
26,2.42574
27,2.39604
28,2.34653
29,2.37624
30,2.35644
31,2.33663
32,2.35644
33,2.50495
34,2.50495
35,2.47525
36,2.36634
37,2.43564
38,2.48515
39,2.41584
40,2.40594
41,2.41584
42,2.38614
43,2.42574
44,2.45545
45,2.45545
46,2.45545
47,2.49505
48,2.51485
49,2.54455
50,2.52475
51,2.54455
52,2.50495
53,2.48515
54,2.56436
55,2.58416
56,2.46535
57,2.51485
58,2.56436
59,2.58416
60,2.57426
61,2.72277
62,2.74257
63,2.78218
64,2.72277
65,2.70297
66,2.70297
67,2.73267
68,2.67327
69,2.64356
70,2.68317
71,2.51485
72,2.59406
73,2.50495
74,2.49505
75,2.56436
76,2.54455
77,2.57426
78,2.59406
79,2.52475
80,2.57426
81,2.60396
82,2.63366
83,2.65347
84,2.63366
85,2.59406
86,2.61386
87,2.65347
88,2.57426
89,2.58416
90,2.63366
91,2.65347
92,2.61386
93,2.59406
94,2.56436
95,2.51485
96,2.46535
97,2.52475
98,2.47525
99,2.57426
