Gerneration,Depth average
1,2.75248
2,2.76238
3,2.81188
4,2.77228
5,2.79208
6,2.80198
7,2.78218
8,2.81188
9,2.83168
10,2.76238
11,2.80198
12,2.85149
13,2.71287
14,2.84158
15,2.75248
16,2.84158
17,2.77228
18,2.78218
19,2.86139
20,2.82178
21,2.69307
22,2.76238
23,2.76238
24,2.81188
25,2.83168
26,2.79208
27,2.74257
28,2.81188
29,2.77228
30,2.83168
31,2.82178
32,2.81188
33,2.81188
34,2.82178
35,2.77228
36,2.82178
37,2.81188
38,2.79208
39,2.78218
40,2.80198
41,2.81188
42,2.75248
43,2.78218
44,2.73267
45,2.77228
46,2.77228
47,2.81188
48,2.80198
49,2.86139
50,2.73267
51,2.85149
52,2.74257
53,2.80198
54,2.83168
55,2.76238
56,2.75248
57,2.81188
58,2.80198
59,2.79208
60,2.81188
61,2.88119
62,2.80198
63,2.77228
64,2.84158
65,2.76238
66,2.83168
67,2.80198
68,2.77228
69,2.81188
70,2.86139
71,2.80198
72,2.76238
73,2.79208
74,2.74257
75,2.78218
76,2.85149
77,2.81188
78,2.79208
79,2.75248
80,2.82178
81,2.82178
82,2.82178
83,2.79208
84,2.83168
85,2.84158
86,2.79208
87,2.82178
88,2.79208
89,2.78218
90,2.74257
91,2.75248
92,2.79208
93,2.76238
94,2.82178
95,2.80198
96,2.78218
97,2.78218
98,2.82178
99,2.77228
