Gerneration,Depth average
1,2.80392
2,2.76471
3,2.76471
4,2.7451
5,2.86275
6,2.82353
7,2.80392
8,2.80392
9,2.82353
10,2.78431
11,2.72549
12,2.78431
13,2.78431
14,2.82353
15,2.7451
16,2.76471
17,2.82353
18,2.82353
19,2.80392
20,2.7451
21,2.7451
22,2.68627
23,2.72549
24,2.76471
25,2.80392
26,2.76471
27,2.68627
28,2.76471
29,2.76471
30,2.76471
31,2.62745
32,2.72549
33,2.7451
34,2.80392
35,2.82353
36,2.72549
37,2.84314
38,2.78431
39,2.7451
40,2.76471
41,2.78431
42,2.70588
43,2.82353
44,2.80392
45,2.68627
46,2.82353
47,2.7451
48,2.78431
49,2.72549
50,2.84314
51,2.80392
52,2.82353
53,2.82353
54,2.7451
55,2.80392
56,2.78431
57,2.78431
58,2.80392
59,2.70588
60,2.76471
61,2.80392
62,2.80392
63,2.82353
64,2.78431
65,2.78431
66,2.72549
67,2.78431
68,2.72549
69,2.76471
70,2.78431
71,2.66667
72,2.7451
73,2.68627
74,2.78431
75,2.70588
76,2.80392
77,2.72549
78,2.72549
79,2.76471
80,2.72549
81,2.70588
82,2.84314
83,2.68627
84,2.72549
85,2.78431
86,2.76471
87,2.78431
88,2.7451
89,2.72549
90,2.7451
91,2.82353
92,2.66667
93,2.78431
94,2.70588
95,2.72549
96,2.80392
97,2.80392
98,2.7451
99,2.76471
