Gerneration,Depth average
1,4.37624
2,3.62376
3,3.34653
4,2.86139
5,2.94059
6,3.12871
7,3.77228
8,3.64356
9,3.43564
10,3.41584
11,3.31683
12,3.42574
13,3.56436
14,3.53465
15,3.63366
16,3.54455
17,3.62376
18,3.57426
19,3.60396
20,3.64356
21,3.48515
22,3.50495
23,3.46535
24,3.49505
25,3.44554
26,3.47525
27,3.44554
28,3.44554
29,3.37624
30,3.43564
31,3.43564
32,3.37624
33,3.51485
34,3.43564
35,3.47525
36,3.49505
37,3.51485
38,3.55446
39,3.48515
40,3.52475
41,3.51485
42,3.50495
43,3.40594
44,3.52475
45,3.48515
46,3.54455
47,3.55446
48,3.53465
49,3.53465
50,3.45545
51,3.49505
52,3.54455
53,3.60396
54,3.64356
55,3.52475
56,3.56436
57,3.55446
58,3.48515
59,3.56436
60,3.51485
61,3.55446
62,3.46535
63,3.55446
64,3.55446
65,3.56436
66,3.49505
67,3.49505
68,3.51485
69,3.49505
70,3.58416
71,3.45545
72,3.54455
73,3.59406
74,3.60396
75,3.61386
76,3.51485
77,3.57426
78,3.48515
79,3.53465
80,3.61386
81,3.56436
82,3.48515
83,3.53465
84,3.46535
85,3.59406
86,3.48515
87,3.50495
88,3.46535
89,3.46535
90,3.49505
91,3.49505
92,3.52475
93,3.48515
94,3.56436
95,3.51485
96,3.50495
97,3.50495
98,3.54455
99,3.53465
