Gerneration,Depth average
1,4.50495
2,3.80198
3,3.17822
4,2.49505
5,2.30693
6,2.0495
7,2.10891
8,2.19802
9,2.24752
10,2.30693
11,2.36634
12,2.45545
13,2.64356
14,2.69307
15,2.66337
16,2.68317
17,2.71287
18,2.71287
19,2.67327
20,2.67327
21,2.67327
22,2.72277
23,2.69307
24,2.65347
25,2.63366
26,2.69307
27,2.71287
28,2.70297
29,2.76238
30,2.69307
31,2.76238
32,2.77228
33,2.74257
34,2.68317
35,2.66337
36,2.64356
37,2.69307
38,2.78218
39,2.76238
40,2.72277
41,2.77228
42,2.78218
43,2.71287
44,2.81188
45,2.73267
46,2.77228
47,2.78218
48,2.80198
49,2.75248
50,2.72277
51,2.75248
52,2.73267
53,2.75248
54,2.72277
55,2.65347
56,2.70297
57,2.69307
58,2.66337
59,2.74257
60,2.74257
61,2.70297
62,2.76238
63,2.69307
64,2.75248
65,2.72277
66,2.78218
67,2.83168
68,2.78218
69,2.77228
70,2.80198
71,2.72277
72,2.66337
73,2.67327
74,2.68317
75,2.75248
76,2.74257
77,2.73267
78,2.72277
79,2.76238
80,2.71287
81,2.70297
82,2.75248
83,2.73267
84,2.70297
85,2.75248
86,2.74257
87,2.74257
88,2.70297
89,2.72277
90,2.70297
91,2.71287
92,2.64356
93,2.63366
94,2.66337
95,2.70297
96,2.68317
97,2.71287
98,2.77228
99,2.73267
