Gerneration,Depth average
1,4.27723
2,3.74257
3,3.32673
4,2.90099
5,2.80198
6,3.08911
7,3.62376
8,3.86139
9,4.11881
10,3.90099
11,4.83168
12,4.78218
13,5.0099
14,5.63366
15,5.69307
16,5.60396
17,5.79208
18,5.94059
19,6.19802
20,6.0099
21,6.34653
22,6.27723
23,6.14851
24,6.14851
25,6.77228
26,6.52475
27,6.24752
28,6.67327
29,6.65347
30,6.11881
31,6.38614
32,6.57426
33,6.36634
34,6.24752
35,6.16832
36,6.52475
37,6.31683
38,5.89109
39,6.10891
40,6.23762
41,5.9901
42,6.13861
43,6.0396
44,6.0495
45,5.63366
46,5.90099
47,5.63366
48,5.47525
49,5.79208
50,5.90099
51,5.58416
52,5.67327
53,5.44554
54,4.87129
55,5.39604
56,5.62376
57,5.44554
58,5.68317
59,5.73267
60,5.94059
61,5.48515
62,5.17822
63,5.0297
64,5.39604
65,5.15842
66,5.30693
67,5.30693
68,5.87129
69,5.78218
70,5.51485
71,5.64356
72,5.39604
73,5.26733
74,5.44554
75,5.48515
76,5.23762
77,5.42574
78,5.15842
79,4.74257
80,4.46535
81,4.89109
82,4.88119
83,5.20792
84,4.85149
85,5.16832
86,4.77228
87,4.82178
88,5.29703
89,5.74257
90,6.12871
91,5.9703
92,6.08911
93,5.82178
94,6.0495
95,5.54455
96,5.08911
97,4.76238
98,4.9703
99,5.32673
