Gerneration,Depth average
1,4.29703
2,3.83168
3,3.0495
4,2.46535
5,2.44554
6,2.36634
7,2.43564
8,2.51485
9,2.58416
10,2.73267
11,2.91089
12,2.90099
13,2.92079
14,2.9604
15,3.0198
16,3.13861
17,3.06931
18,3.10891
19,3.06931
20,3.12871
21,2.9901
22,3
23,2.9901
24,3.0495
25,3.0495
26,2.9505
27,3.06931
28,3.22772
29,3.23762
30,3.18812
31,3.24752
32,3.24752
33,3.23762
34,3.30693
35,3.40594
36,3.30693
37,3.29703
38,3.16832
39,3.25743
40,3.35644
41,3.31683
42,3.19802
43,3.33663
44,3.30693
45,3.36634
46,3.35644
47,3.34653
48,3.28713
49,3.13861
50,3.06931
51,3.12871
52,3.08911
53,3.17822
54,3.18812
55,3.18812
56,3.15842
57,3.19802
58,3.19802
59,3.19802
60,3.25743
61,3.23762
62,3.12871
63,3.18812
64,3.18812
65,3.38614
66,3.23762
67,3.24752
68,3.11881
69,3
70,3.25743
71,3.29703
72,3.45545
73,3.49505
74,3.37624
75,3.25743
76,3.36634
77,3.34653
78,3.25743
79,3.15842
80,3.20792
81,3.29703
82,3.30693
83,3.24752
84,3.0495
85,3.12871
86,3.24752
87,3.23762
88,3.16832
89,3.19802
90,3.32673
91,3.37624
92,3.45545
93,3.52475
94,3.46535
95,3.41584
96,3.29703
97,3.37624
98,3.42574
99,3.54455
