Gerneration,Depth average
1,2.79441
2,2.78842
3,2.77445
4,2.7984
5,2.82834
6,2.77246
7,2.79441
8,2.79441
9,2.80838
10,2.81038
11,2.80838
12,2.80439
13,2.80639
14,2.7984
15,2.77844
16,2.7984
17,2.81238
18,2.81238
19,2.77445
20,2.80639
21,2.79242
22,2.77645
23,2.78244
24,2.79042
25,2.79441
26,2.7525
27,2.78842
28,2.78842
29,2.81038
30,2.80639
31,2.80639
32,2.79042
33,2.79641
34,2.76248
35,2.79441
36,2.77645
37,2.76846
38,2.80439
39,2.81437
40,2.8004
41,2.8024
42,2.77844
43,2.78044
44,2.77844
45,2.79042
46,2.81038
47,2.79441
48,2.7984
49,2.79641
50,2.80639
51,2.78643
52,2.80439
53,2.78643
54,2.78244
55,2.7984
56,2.76447
57,2.81637
58,2.7984
59,2.81238
60,2.79242
61,2.77246
62,2.78044
63,2.80439
64,2.80439
65,2.78443
66,2.79641
67,2.80639
68,2.76248
69,2.77445
70,2.81238
71,2.77645
72,2.79042
73,2.82635
74,2.81238
75,2.77046
76,2.79641
77,2.77645
78,2.79042
79,2.79242
80,2.78643
81,2.77844
82,2.79441
83,2.79042
84,2.81038
85,2.79441
86,2.78443
87,2.77844
88,2.81238
89,2.79242
90,2.77844
91,2.76647
92,2.79441
93,2.78244
94,2.76846
95,2.78443
96,2.77445
97,2.8024
98,2.79042
99,2.78044
